time,room_temp,supply_temp,airflow_current
2021-04-26T09:45:00.0,71.7,57.93657143,408.68
2021-04-26T09:50:00.0,71.4,57.77657143,409.64
2021-04-26T09:55:00.0,71.1,57.44685714,412.64
2021-04-26T10:00:00.0,70.9,57.4,410.84
2021-04-26T10:05:00.0,70.8,56.95142857,409.16
2021-04-26T10:10:00.0,70.6,56.94342857,409.56
2021-04-26T10:15:00.0,70.5,57.14,403.24
2021-04-26T10:20:00.0,70.3,57.09828571,400.68
2021-04-26T10:25:00.0,70.2,56.76342857,408.36
2021-04-26T10:30:00.0,70.1,56.74342857,408.44
2021-04-26T10:35:00.0,70,57.09828571,407.24
2021-04-26T10:40:00.0,70,57.23828571,404.88
2021-04-26T10:45:00.0,69.8,56.73657143,401.48
2021-04-26T10:50:00.0,69.8,56.80171429,398.08
2021-04-26T10:55:00.0,69.7,57.25485714,402.64
2021-04-26T11:00:00.0,69.7,56.692,407.72
2021-04-26T11:05:00.0,69.6,56.86971429,405.32
2021-04-26T11:10:00.0,69.5,57.16514286,403.28
2021-04-26T11:15:00.0,69.5,56.72171429,401.08
2021-04-26T11:20:00.0,69.4,56.75485714,403.32
2021-04-26T11:25:00.0,69.4,57.00171429,406.64
2021-04-26T11:30:00.0,69.3,56.89714286,408.44
2021-04-26T11:35:00.0,69.2,63.34228571,477.32
2021-04-26T11:40:00.0,69.3,75.65371429,541.08
2021-04-26T11:45:00.0,69.7,79.82171429,567.96
2021-04-26T11:50:00.0,70.1,78.984,573.4
2021-04-26T11:55:00.0,70.5,80.94457143,583
2021-04-26T12:00:00.0,70.6,79.70057143,586.16
2021-04-26T12:05:00.0,70.8,78.93085714,558.4
2021-04-26T12:10:00.0,70.7,77.32914286,539.32
2021-04-26T12:15:00.0,70.7,78.37771429,523.6
2021-04-26T12:20:00.0,70.6,76.43885714,511.24
2021-04-26T12:25:00.0,70.6,77.12971429,492.28
2021-04-26T12:30:00.0,70.6,75.82857143,488
2021-04-26T12:35:00.0,70.7,79.69085714,556.4
2021-04-26T12:40:00.0,71,84.35942857,618.24
2021-04-26T12:45:00.0,71.3,86.75542857,640.68
2021-04-26T12:50:00.0,71.3,86.17828571,652.36
2021-04-26T12:55:00.0,71.6,90.63885714,677.4
2021-04-26T13:00:00.0,71.8,90.02914286,679.12
2021-04-26T13:05:00.0,71.9,81.30914286,592.96
2021-04-26T13:10:00.0,71.7,76.63542857,520.72
2021-04-26T13:15:00.0,71.4,77.15942857,483.6
2021-04-26T13:20:00.0,71.3,75.29371429,475.68
2021-04-26T13:25:00.0,71.1,72.38628571,450.72
2021-04-26T13:30:00.0,70.7,59.76628571,429.8
2021-04-26T13:35:00.0,70.5,70.53771429,525.84
2021-04-26T13:40:00.0,70.6,82.50457143,595.52
2021-04-26T13:45:00.0,70.9,86.98057143,637.4
2021-04-26T13:50:00.0,71.3,88.95485714,669.36
2021-04-26T13:55:00.0,71.7,90.39028571,675.84
2021-04-26T14:00:00.0,71.8,90.80857143,672.04
2021-04-26T14:05:00.0,72,81.01542857,618.96
2021-04-26T14:10:00.0,71.9,80.30514286,584.76
2021-04-26T14:15:00.0,71.7,78.24228571,583.12
2021-04-26T14:20:00.0,71.6,79.63428571,578.08
2021-04-26T14:25:00.0,71.5,79.16342857,564.36
2021-04-26T14:30:00.0,71.5,77.76342857,562.16
2021-04-26T14:35:00.0,71.4,87.05942857,661.8
2021-04-26T14:40:00.0,71.9,92.78742857,734.04
2021-04-26T14:45:00.0,72.3,89.96685714,747.64
2021-04-26T14:50:00.0,72.6,90.76342857,758.64
2021-04-26T14:55:00.0,72.8,91.61085714,761.64
2021-04-26T15:00:00.0,72.9,89.09428571,764.4
2021-04-26T15:05:00.0,73.1,89.23428571,858.96
2021-04-26T15:10:00.0,73.4,86.67542857,925.24
2021-04-26T15:15:00.0,73.8,84.84171429,921.16
2021-04-26T15:20:00.0,73.8,86.52628571,934.24
2021-04-26T15:25:00.0,74.1,83.02228571,960.4
2021-04-26T15:30:00.0,74.2,83.51885714,965.48
2021-04-26T15:35:00.0,74.3,83.95828571,975.36
2021-04-26T15:40:00.0,74.6,82.41085714,979.2
2021-04-26T15:45:00.0,74.5,86.89485714,936.08
2021-04-26T15:50:00.0,74.5,85.21828571,928.68
2021-04-26T15:55:00.0,74.6,86.004,923.12
2021-04-26T16:00:00.0,74.5,86.86857143,908
2021-04-26T16:05:00.0,74.4,82.84514286,778.88
2021-04-26T16:10:00.0,73.9,83.88057143,704.68
2021-04-26T16:15:00.0,73.5,80.63085714,683.52
2021-04-26T16:20:00.0,73.1,80.20057143,671
2021-04-26T16:25:00.0,72.8,78.65714286,660.72
2021-04-26T16:30:00.0,72.6,79.32857143,647.08
2021-04-26T16:35:00.0,72.3,66.50457143,523.84
2021-04-26T16:40:00.0,71.8,58.85314286,459.28
2021-04-26T16:45:00.0,71.4,57.84514286,446.32
2021-04-26T16:50:00.0,71.1,57.52971429,443.44
2021-04-26T16:55:00.0,70.9,57.24342857,430
2021-04-26T17:00:00.0,70.7,57.15942857,435.6
2021-04-26T17:05:00.0,70.5,70.46914286,520.32
2021-04-26T17:10:00.0,70.8,81.42114286,588.88
2021-04-26T17:15:00.0,71.3,86.55542857,628.32
2021-04-26T17:20:00.0,71.7,86.89714286,646.04
2021-04-26T17:25:00.0,71.9,86.17371429,645.68
2021-04-26T17:30:00.0,72,88.03085714,646.96
2021-04-26T17:35:00.0,72.2,86.80857143,649.28
2021-04-26T17:40:00.0,72.2,86.36742857,647.84
2021-04-26T17:45:00.0,72.3,88.52971429,656.2
2021-04-26T17:50:00.0,72.4,90.572,671.92
2021-04-26T17:55:00.0,72.6,88.53771429,684.04
2021-04-26T18:00:00.0,72.7,89.46057143,693.28
2021-04-26T18:05:00.0,72.7,89.12857143,674.04
2021-04-26T18:10:00.0,72.7,87.60914286,656.8
2021-04-26T18:15:00.0,72.7,85.37142857,642.4
2021-04-26T18:20:00.0,72.6,86.00457143,622.52
2021-04-26T18:25:00.0,72.5,81.72514286,611.24
2021-04-26T18:30:00.0,72.4,81.76114286,601.76
2021-04-26T18:35:00.0,72.3,88.16114286,646.12
2021-04-26T18:40:00.0,72.6,91.07714286,684.92
2021-04-26T18:45:00.0,72.7,90.08971429,695.32
2021-04-26T18:50:00.0,72.9,94.728,693.4
2021-04-26T18:55:00.0,73.1,91.26971429,702.28
2021-04-26T19:00:00.0,73.1,90.116,709.52
2021-04-26T19:05:00.0,73.2,94.46971429,712.2
2021-04-26T19:10:00.0,73.3,90.57657143,725.36
2021-04-26T19:15:00.0,73.4,92.14,738.68
2021-04-26T19:20:00.0,73.5,93.64914286,754.48
2021-04-26T19:25:00.0,73.7,89.19828571,766.76
2021-04-26T19:30:00.0,73.8,93.97714286,764.44
2021-04-26T19:35:00.0,73.8,91.35771429,713
2021-04-26T19:40:00.0,73.6,87.05942857,671.72
2021-04-26T19:45:00.0,73.4,89.22114286,644.84
2021-04-26T19:50:00.0,73.3,87.09314286,627
2021-04-26T19:55:00.0,73.1,85.436,626.16
2021-04-26T20:00:00.0,73,88.91542857,628.16
2021-04-26T20:05:00.0,73.1,89.14457143,672.72
2021-04-26T20:10:00.0,73.3,93.57885714,716.96
2021-04-26T20:15:00.0,73.4,94.21485714,741.76
2021-04-26T20:20:00.0,73.7,89.26457143,763.88
2021-04-26T20:25:00.0,73.8,93.924,764.84
2021-04-26T20:30:00.0,74,93.884,760.52
2021-04-26T20:35:00.0,74,86.96114286,705.28
2021-04-26T20:40:00.0,73.7,85.76114286,652.08
2021-04-26T20:45:00.0,73.5,88.07314286,645.84
2021-04-26T20:50:00.0,73.3,83.42742857,641.44
2021-04-26T20:55:00.0,73.2,86.06971429,638.92
2021-04-26T21:00:00.0,73.1,86.47657143,626.36
2021-04-26T21:05:00.0,73.1,77.32342857,541.56
2021-04-26T21:10:00.0,72.8,77.36342857,496.32
2021-04-26T21:15:00.0,72.6,78.05485714,489
2021-04-26T21:20:00.0,72.4,74.21371429,466.84
2021-04-26T21:25:00.0,72.1,63.83142857,455.56
2021-04-26T21:30:00.0,71.7,60.39942857,456.44
2021-04-26T21:35:00.0,71.4,72.80514286,494.88
2021-04-26T21:40:00.0,71.6,79.472,545.08
2021-04-26T21:45:00.0,71.8,80.88514286,545.8
2021-04-26T21:50:00.0,71.9,81.27828571,546.6
2021-04-26T21:55:00.0,71.9,78.36057143,553.24
2021-04-26T22:00:00.0,72,82.15428571,573.04
2021-04-26T22:05:00.0,72,81.548,571.64
2021-04-26T22:10:00.0,72,78.37028571,549.88
2021-04-26T22:15:00.0,71.9,77.30171429,540.96
2021-04-26T22:20:00.0,71.9,79.41485714,536.36
2021-04-26T22:25:00.0,71.9,79.60171429,535.4
2021-04-26T22:30:00.0,71.8,77.24514286,539.92
2021-04-26T22:35:00.0,71.8,86.31371429,622.72
2021-04-26T22:40:00.0,72.2,88.20571429,681.36
2021-04-26T22:45:00.0,72.5,89.18857143,694.72
2021-04-26T22:50:00.0,72.7,90.99028571,712.52
2021-04-26T22:55:00.0,72.8,86.50285714,721.68
2021-04-26T23:00:00.0,72.9,91.09028571,717.92
2021-04-26T23:05:00.0,73.1,91.36342857,762.8
2021-04-26T23:10:00.0,73.4,91.15485714,791
2021-04-26T23:15:00.0,73.6,93.84685714,806.2
2021-04-26T23:20:00.0,73.9,88.15942857,817.28
2021-04-26T23:25:00.0,73.9,92.16914286,816.76
2021-04-26T23:30:00.0,74.1,92.37314286,821.2
2021-04-26T23:35:00.0,74.2,88.984,830
2021-04-26T23:40:00.0,74.3,92.448,843.52
2021-04-26T23:45:00.0,74.5,91.57257143,856.36
2021-04-26T23:50:00.0,74.7,86.68514286,875.24
2021-04-26T23:55:00.0,74.6,90.56742857,874.36
2021-04-27T00:00:00.0,74.7,91.18171429,870.24
2021-04-27T00:05:00.0,74.8,87.352,856.96
2021-04-27T00:10:00.0,74.7,92.44228571,827.08
2021-04-27T00:15:00.0,74.8,91.784,819.76
2021-04-27T00:20:00.0,74.8,88.82285714,809.16
2021-04-27T00:25:00.0,74.7,93.144,795
2021-04-27T00:30:00.0,74.9,91.05142857,777.04
2021-04-27T00:35:00.0,74.5,82.64857143,674.88
2021-04-27T00:40:00.0,74,84.45371429,605.92
2021-04-27T00:45:00.0,73.6,80.08914286,598.04
2021-04-27T00:50:00.0,73.3,78.82114286,592.88
2021-04-27T00:55:00.0,73.1,81.10514286,591.16
2021-04-27T01:00:00.0,73,80.69485714,586.28
2021-04-27T01:05:00.0,73,73.91714286,479
2021-04-27T01:10:00.0,72.5,60.83314286,426.96
2021-04-27T01:15:00.0,72,58.30514286,432.12
2021-04-27T01:20:00.0,71.6,57.78171429,432.48
2021-04-27T01:25:00.0,71.3,57.46,434.2
2021-04-27T01:30:00.0,71.1,57.36,440.04
2021-04-27T01:35:00.0,70.9,57.17485714,427.44
2021-04-27T01:40:00.0,70.8,57.16514286,421.44
2021-04-27T01:45:00.0,70.6,57.13828571,421.96
2021-04-27T01:50:00.0,70.5,57.12171429,429.72
2021-04-27T01:55:00.0,70.3,57.19828571,439.2
2021-04-27T02:00:00.0,70.3,62.58057143,458.28
2021-04-27T02:05:00.0,70.4,78.02742857,538.68
2021-04-27T02:10:00.0,70.7,79.08228571,576.2
2021-04-27T02:15:00.0,71.1,82.27828571,589.04
2021-04-27T02:20:00.0,71.6,80.97428571,592.4
2021-04-27T02:25:00.0,71.6,80.24,597.32
2021-04-27T02:30:00.0,71.8,82.608,599.56
2021-04-27T02:35:00.0,72,87.00914286,658.08
2021-04-27T02:40:00.0,72.1,94.19885714,698.32
2021-04-27T02:45:00.0,72.5,91.27885714,707.4
2021-04-27T02:50:00.0,72.7,92.26685714,720.2
2021-04-27T02:55:00.0,72.8,94.88971429,714.8
2021-04-27T03:00:00.0,73,90.04857143,718.28
2021-04-27T03:05:00.0,73.1,94.73885714,730.4
2021-04-27T03:10:00.0,73.3,94.78171429,740.64
2021-04-27T03:15:00.0,73.4,91.52914286,756.12
2021-04-27T03:20:00.0,73.6,96.19828571,769.16
2021-04-27T03:25:00.0,73.8,91.94171429,778.4
2021-04-27T03:30:00.0,73.9,93.21142857,775
2021-04-27T03:35:00.0,73.9,92.37771429,699.4
2021-04-27T03:40:00.0,73.7,88.43714286,626.64
2021-04-27T03:45:00.0,73.4,83.62285714,590.6
2021-04-27T03:50:00.0,73.1,82.30342857,579.6
2021-04-27T03:55:00.0,72.9,77.86685714,560.64
2021-04-27T04:00:00.0,72.7,80.14514286,550.6
2021-04-27T04:05:00.0,72.7,87.628,609
2021-04-27T04:10:00.0,73,87.06857143,655.52
2021-04-27T04:15:00.0,73,92.67314286,679.76
2021-04-27T04:20:00.0,73.2,91.56114286,696.36
2021-04-27T04:25:00.0,73.3,91.84,697.48
2021-04-27T04:30:00.0,73.4,94.58571429,696.04
2021-04-27T04:35:00.0,73.5,90.75085714,697.36
2021-04-27T04:40:00.0,73.4,95.22857143,690.52
2021-04-27T04:45:00.0,73.6,91.62171429,685.32
2021-04-27T04:50:00.0,73.5,88.04685714,671.88
2021-04-27T04:55:00.0,73.4,92.95257143,661.32
2021-04-27T05:00:00.0,73.5,89.11542857,660.4
2021-04-27T05:05:00.0,73.5,93.61485714,707.64
2021-04-27T05:10:00.0,73.7,94.72857143,738.16
2021-04-27T05:15:00.0,73.9,90.464,749.76
2021-04-27T05:20:00.0,73.9,95.15485714,754.24
2021-04-27T05:25:00.0,74.1,96.208,756.64
2021-04-27T05:30:00.0,74.3,96.24228571,746.8
2021-04-27T05:35:00.0,74.2,85.99828571,643.56
2021-04-27T05:40:00.0,73.8,81.02285714,553.68
2021-04-27T05:45:00.0,73.3,78.29485714,544.6
2021-04-27T05:50:00.0,73,78.54457143,537.04
2021-04-27T05:55:00.0,72.8,79.15885714,512.04
2021-04-27T06:00:00.0,72.7,76.82742857,498.52
2021-04-27T06:05:00.0,72.5,67.01428571,430.88
2021-04-27T06:10:00.0,72,59.15485714,407.08
2021-04-27T06:15:00.0,71.6,57.96171429,405.52
2021-04-27T06:20:00.0,71.3,57.56514286,405.32
2021-04-27T06:25:00.0,71.1,57.43314286,401.72
2021-04-27T06:30:00.0,70.9,57.23828571,401.64
2021-04-27T06:35:00.0,70.8,57.2,405.8
2021-04-27T06:40:00.0,70.7,57.06685714,399.64
2021-04-27T06:45:00.0,70.6,57.13657143,396.8
2021-04-27T06:50:00.0,70.5,57.23657143,399.08
2021-04-27T06:55:00.0,70.3,57.12514286,403.12
2021-04-27T07:00:00.0,70.3,57.09657143,403.84
2021-04-27T07:05:00.0,70.1,56.97828571,405.36
2021-04-27T07:10:00.0,70.1,57.04342857,408.68
2021-04-27T07:15:00.0,70.1,57.10171429,406.64
2021-04-27T07:20:00.0,70,57.01657143,408.32
2021-04-27T07:25:00.0,69.9,57.06514286,405.04
2021-04-27T07:30:00.0,69.8,56.95657143,400.88
2021-04-27T07:35:00.0,69.8,57.00342857,401.36
2021-04-27T07:40:00.0,69.7,57.1,407.08
2021-04-27T07:45:00.0,69.6,56.99828571,407.36
2021-04-27T07:50:00.0,69.6,57.06342857,410.6
2021-04-27T07:55:00.0,69.5,57.05485714,409.4
2021-04-27T08:00:00.0,69.5,57.00171429,412.16
2021-04-27T08:05:00.0,69.5,57.09485714,410.84
2021-04-27T08:10:00.0,69.4,56.96,422.36
2021-04-27T08:15:00.0,69.3,57.04171429,436.92
2021-04-27T08:20:00.0,69.2,57.79314286,453.04
2021-04-27T08:25:00.0,69.3,70.64228571,467.44
2021-04-27T08:30:00.0,69.5,76.34171429,481
2021-04-27T08:35:00.0,70,77.69428571,532.56
2021-04-27T08:40:00.0,70.2,77.6,567.96
2021-04-27T08:45:00.0,70.5,79.04685714,569.8
2021-04-27T08:50:00.0,70.6,76.62057143,568
2021-04-27T08:55:00.0,70.7,78.74628571,566.68
2021-04-27T09:00:00.0,70.9,78.61885714,573.56
2021-04-27T09:05:00.0,71,88.79885714,661.64
2021-04-27T09:10:00.0,71.5,93.98628571,718.2
2021-04-27T09:15:00.0,71.9,90.61314286,720.08
2021-04-27T09:20:00.0,72.2,95.28285714,719.12
2021-04-27T09:25:00.0,72.4,94.68342857,718.4
2021-04-27T09:30:00.0,72.6,90.68628571,718.04
2021-04-27T09:35:00.0,72.7,94.56685714,726
2021-04-27T09:40:00.0,72.8,91.52114286,746.28
2021-04-27T09:45:00.0,73,91.86057143,760.68
2021-04-27T09:50:00.0,73.1,93.75828571,761.64
2021-04-27T09:55:00.0,73.3,92.60685714,760.08
2021-04-27T10:00:00.0,73.4,91.30628571,762.2
2021-04-27T10:05:00.0,73.4,93.51257143,766.64
2021-04-27T10:10:00.0,73.6,93.75714286,777.08
2021-04-27T10:15:00.0,73.7,91.67257143,778.4
2021-04-27T10:20:00.0,73.8,92.896,773.48
2021-04-27T10:25:00.0,73.8,94.00685714,770.96
2021-04-27T10:30:00.0,73.9,92.01828571,774.92
2021-04-27T10:35:00.0,74,91.86114286,788.28
2021-04-27T10:40:00.0,74.1,93.17885714,797.12
2021-04-27T10:45:00.0,74.1,90.19828571,800.72
2021-04-27T10:50:00.0,74.2,94.71885714,800.16
2021-04-27T10:55:00.0,74.3,90.81142857,809.88
2021-04-27T11:00:00.0,74.3,90.22914286,809.56
2021-04-27T11:05:00.0,74.4,94.75142857,812.92
2021-04-27T11:10:00.0,74.6,90.156,827.72
2021-04-27T11:15:00.0,74.6,90.74228571,831.44
2021-04-27T11:20:00.0,74.7,94.24914286,818.24
2021-04-27T11:25:00.0,74.8,89.79771429,818.88
2021-04-27T11:30:00.0,74.7,91.85142857,819
2021-04-27T11:35:00.0,74.7,91.21485714,718.28
2021-04-27T11:40:00.0,74.4,83.87314286,622.64
2021-04-27T11:45:00.0,73.8,81.25657143,599.88
2021-04-27T11:50:00.0,73.6,82.33828571,603.6
2021-04-27T11:55:00.0,73.3,81.548,599.76
2021-04-27T12:00:00.0,73.1,79.824,594.44
2021-04-27T12:05:00.0,73,81.25771429,595.76
2021-04-27T12:10:00.0,73,85.74457143,616.72
2021-04-27T12:15:00.0,72.9,86.54171429,620.04
2021-04-27T12:20:00.0,73.1,85.74685714,609.28
2021-04-27T12:25:00.0,73.2,85.89885714,610.44
2021-04-27T12:30:00.0,73.1,86.78457143,613.72
2021-04-27T12:35:00.0,73.1,79.06114286,571.24
2021-04-27T12:40:00.0,72.8,78.79885714,548.04
2021-04-27T12:45:00.0,72.6,77.27485714,553.2
2021-04-27T12:50:00.0,72.4,74.98285714,548.76
2021-04-27T12:55:00.0,72.2,76.764,533.44
2021-04-27T13:00:00.0,72.2,78.24857143,523.84
2021-04-27T13:05:00.0,72.2,91.44457143,609.52
2021-04-27T13:10:00.0,72.8,89.66742857,686.48
2021-04-27T13:15:00.0,73.5,90.272,702.12
2021-04-27T13:20:00.0,73.9,91.70571429,686.08
2021-04-27T13:25:00.0,74.1,87.21257143,654.08
2021-04-27T13:30:00.0,74.1,85.51714286,623.44
2021-04-27T13:35:00.0,74,83.45657143,631.4
2021-04-27T13:40:00.0,74.1,85.41085714,626.6
2021-04-27T13:45:00.0,74.2,87.48,618.88
2021-04-27T13:50:00.0,74.3,88.69485714,609.48
2021-04-27T13:55:00.0,74.4,87.89714286,620.92
2021-04-27T14:00:00.0,74.5,85.38742857,625.44
2021-04-27T14:05:00.0,74.3,80.94685714,574.76
2021-04-27T14:10:00.0,74.1,80.34285714,539.92
2021-04-27T14:15:00.0,73.9,76.95085714,512.8
2021-04-27T14:20:00.0,73.8,79.51314286,512.56
2021-04-27T14:25:00.0,74,78.38171429,506.2
2021-04-27T14:30:00.0,73.8,75.95314286,492.04
2021-04-27T14:35:00.0,73.6,67.72514286,432.12
2021-04-27T14:40:00.0,73.3,58.87485714,413.96
2021-04-27T14:45:00.0,72.9,57.80342857,410.72
2021-04-27T14:50:00.0,72.7,56.98171429,410.6
2021-04-27T14:55:00.0,72.5,56.80171429,410.84
2021-04-27T15:00:00.0,72.4,56.7,409.88
2021-04-27T15:05:00.0,72.4,56.97485714,410.72
2021-04-27T15:10:00.0,72.3,56.84685714,408.2
2021-04-27T15:15:00.0,72.3,56.83657143,401.84
2021-04-27T15:20:00.0,72.2,57.11485714,400.92
2021-04-27T15:25:00.0,72.2,57.16514286,402.08
2021-04-27T15:30:00.0,72.2,57.46,405.24
2021-04-27T15:35:00.0,72.4,57.93142857,408.68
2021-04-27T15:40:00.0,71.8,58.24342857,411.8
2021-04-27T15:45:00.0,71.4,57.34171429,415.88
2021-04-27T15:50:00.0,71.2,57.80514286,412.64
2021-04-27T15:55:00.0,71,57.78,412.64
2021-04-27T16:00:00.0,70.9,56.55314286,412.88
2021-04-27T16:05:00.0,70.7,56.76,412.4
2021-04-27T16:10:00.0,70.6,57.2,414.2
2021-04-27T16:15:00.0,70.5,57.10342857,415.16
2021-04-27T16:20:00.0,70.3,57.02,417.92
2021-04-27T16:25:00.0,70.2,56.64742857,431.32
2021-04-27T16:30:00.0,70,63.84057143,447.2
2021-04-27T16:35:00.0,70.3,64.78057143,438.12
2021-04-27T16:40:00.0,70.2,58.15142857,428
2021-04-27T16:45:00.0,70.1,57.39485714,422.64
2021-04-27T16:50:00.0,70,57.20514286,425.88
2021-04-27T16:55:00.0,69.8,57.35657143,433.52
2021-04-27T17:00:00.0,69.8,57.60342857,428.36
2021-04-27T17:05:00.0,69.6,68.34457143,492.76
2021-04-27T17:10:00.0,70,77.296,543.64
2021-04-27T17:15:00.0,70.3,79.75314286,564.76
2021-04-27T17:20:00.0,70.7,80.43771429,577.24
2021-04-27T17:25:00.0,70.9,79.63657143,587.6
2021-04-27T17:30:00.0,71.2,81.55657143,584.04
2021-04-27T17:35:00.0,71.3,76.49542857,527.96
2021-04-27T17:40:00.0,71,76.55085714,485.16
2021-04-27T17:45:00.0,71,73.21314286,455.6
2021-04-27T17:50:00.0,70.8,63.83771429,442.72
2021-04-27T17:55:00.0,70.7,58.87142857,447.92
2021-04-27T18:00:00.0,70.5,57.73542857,439
2021-04-27T18:05:00.0,70.4,57.96628571,430.32
2021-04-27T18:10:00.0,70.3,56.92685714,428.04
2021-04-27T18:15:00.0,70.3,57.45485714,425.64
2021-04-27T18:20:00.0,70.3,57.42171429,422.72
2021-04-27T18:25:00.0,70.1,56.90514286,420.72
2021-04-27T18:30:00.0,70.1,57.41828571,420.24
2021-04-27T18:35:00.0,70.1,57.38,424.92
2021-04-27T18:40:00.0,70.1,57.05657143,421.08
2021-04-27T18:45:00.0,70.1,57.06514286,415.64
2021-04-27T18:50:00.0,70.1,57.24971429,410
2021-04-27T18:55:00.0,70.1,56.92342857,409.4
2021-04-27T19:00:00.0,70,56.96171429,412.4
2021-04-27T19:05:00.0,70,57.42342857,413.84
2021-04-27T19:10:00.0,70,56.97485714,415.68
2021-04-27T19:15:00.0,70,56.86685714,418.2
2021-04-27T19:20:00.0,69.9,57.27828571,415.76
2021-04-27T19:25:00.0,69.9,56.93657143,416.64
2021-04-27T19:30:00.0,69.7,57.06342857,418.56
2021-04-27T19:35:00.0,69.8,56.95828571,421.28
2021-04-27T19:40:00.0,69.7,56.78971429,425.16
2021-04-27T19:45:00.0,69.7,59.36857143,441.52
2021-04-27T19:50:00.0,69.8,64.292,458.84
2021-04-27T19:55:00.0,69.9,70.97485714,478.64
2021-04-27T20:00:00.0,70.1,77.15942857,481.56
2021-04-27T20:05:00.0,70.4,70.39942857,468.44
2021-04-27T20:10:00.0,70.3,62.33428571,451
2021-04-27T20:15:00.0,70.1,57.68342857,438.12
2021-04-27T20:20:00.0,69.8,56.83657143,428.4
2021-04-27T20:25:00.0,69.6,56.26342857,428.52
2021-04-27T20:30:00.0,69.5,56.41485714,423.32
2021-04-27T20:35:00.0,69.4,56.46857143,413.4
2021-04-27T20:40:00.0,69.3,56.588,415.76
2021-04-27T20:45:00.0,69.3,57.88057143,424.52
2021-04-27T20:50:00.0,69.3,59.99142857,417.16
2021-04-27T20:55:00.0,69.4,57.61657143,413.84
2021-04-27T21:00:00.0,69.3,57.25657143,420.36
2021-04-27T21:05:00.0,69.2,57.03828571,432.12
2021-04-27T21:10:00.0,69,57.01885714,444.96
2021-04-27T21:15:00.0,69.1,65.85142857,464.12
2021-04-27T21:20:00.0,69.3,76.37485714,482.28
2021-04-27T21:25:00.0,69.6,77.33828571,489
2021-04-27T21:30:00.0,70,75.64228571,480.56
2021-04-27T21:35:00.0,70,66.02285714,446.36
2021-04-27T21:40:00.0,69.8,59.03142857,433.56
2021-04-27T21:45:00.0,69.6,57.86342857,428.6
2021-04-27T21:50:00.0,69.4,57.48,417.92
2021-04-27T21:55:00.0,69.3,57.21828571,404.56
2021-04-27T22:00:00.0,69.2,57.24171429,404.96
2021-04-27T22:05:00.0,69.1,57.27828571,410.12
2021-04-27T22:10:00.0,69.1,57.20171429,421.16
2021-04-27T22:15:00.0,69,57.19828571,429.72
2021-04-27T22:20:00.0,69,57,426.84
2021-04-27T22:25:00.0,69,57.06857143,414.32
2021-04-27T22:30:00.0,68.9,57.05485714,413.88
2021-04-27T22:35:00.0,68.8,57.18,420.16
2021-04-27T22:40:00.0,68.8,57.08,419.76
2021-04-27T22:45:00.0,68.8,57.01657143,416.16
2021-04-27T22:50:00.0,68.8,57.06171429,419.52
2021-04-27T22:55:00.0,68.7,57.07657143,422.64
2021-04-27T23:00:00.0,68.7,57.02342857,428.28
2021-04-27T23:05:00.0,68.6,57.00171429,432
2021-04-27T23:10:00.0,68.6,57.15485714,433.08
2021-04-27T23:15:00.0,68.6,60.75885714,438.36
2021-04-27T23:20:00.0,68.8,73.78114286,456.64
2021-04-27T23:25:00.0,69.1,75.84171429,472.76
2021-04-27T23:30:00.0,69.4,75.97371429,487.04
2021-04-27T23:35:00.0,69.9,81.10285714,568.36
2021-04-27T23:40:00.0,70.3,82.70514286,594.32
2021-04-27T23:45:00.0,70.6,82.31828571,597.88
2021-04-27T23:50:00.0,70.8,79.56742857,597.8
2021-04-27T23:55:00.0,70.8,83.232,598.24
2021-04-28T00:00:00.0,70.9,83.51828571,609.96
2021-04-28T00:05:00.0,71.1,79.044,580.36
2021-04-28T00:10:00.0,70.9,79.81657143,542.36
2021-04-28T00:15:00.0,70.9,76.76971429,540
2021-04-28T00:20:00.0,70.8,76.70685714,535
2021-04-28T00:25:00.0,70.8,78.25828571,518.24
2021-04-28T00:30:00.0,70.8,75.51085714,505.36
2021-04-28T00:35:00.0,70.6,66.78457143,426.96
2021-04-28T00:40:00.0,70.3,59.228,407.64
2021-04-28T00:45:00.0,70,57.96685714,411.32
2021-04-28T00:50:00.0,69.6,57.65142857,413.84
2021-04-28T00:55:00.0,69.5,57.36514286,421.52
2021-04-28T01:00:00.0,69.3,57.29828571,423.52
2021-04-28T01:05:00.0,69.2,66.94171429,451.48
2021-04-28T01:10:00.0,69.5,77,483.12
2021-04-28T01:15:00.0,69.8,77.92857143,499.4
2021-04-28T01:20:00.0,70,78.22971429,499.84
2021-04-28T01:25:00.0,70.3,77.98,507.52
2021-04-28T01:30:00.0,70.5,77.65142857,512.4
2021-04-28T01:35:00.0,70.6,79.81028571,540.4
2021-04-28T01:40:00.0,70.8,80.64457143,568.84
2021-04-28T01:45:00.0,71.1,83.14228571,599.24
2021-04-28T01:50:00.0,71.3,83.41771429,615.6
2021-04-28T01:55:00.0,71.3,80.24571429,622.36
2021-04-28T02:00:00.0,71.3,83.99142857,628.2
2021-04-28T02:05:00.0,71.4,86.26628571,619.08
2021-04-28T02:10:00.0,71.6,81.88057143,612.48
2021-04-28T02:15:00.0,71.6,82.22,600.8
2021-04-28T02:20:00.0,71.6,80.81657143,583.2
2021-04-28T02:25:00.0,71.4,77.90971429,562.68
2021-04-28T02:30:00.0,71.3,80.29885714,565.28
2021-04-28T02:35:00.0,71.5,82.00971429,586.52
2021-04-28T02:40:00.0,71.6,82.40171429,599.88
2021-04-28T02:45:00.0,71.7,82.04971429,604.56
2021-04-28T02:50:00.0,71.7,81.98342857,606.48
2021-04-28T02:55:00.0,71.7,81.91828571,609.84
2021-04-28T03:00:00.0,71.8,81.71657143,606.64
2021-04-28T03:05:00.0,71.6,77.72114286,510.64
2021-04-28T03:10:00.0,71.2,67.42228571,445.24
2021-04-28T03:15:00.0,70.8,59.70342857,438.52
2021-04-28T03:20:00.0,70.3,58.03828571,442.12
2021-04-28T03:25:00.0,70.1,57.57028571,440.12
2021-04-28T03:30:00.0,69.8,66.38685714,475.48
2021-04-28T03:35:00.0,70,79.18114286,534.48
2021-04-28T03:40:00.0,70.3,77.39028571,561.28
2021-04-28T03:45:00.0,70.5,78.59314286,566.08
2021-04-28T03:50:00.0,70.7,78.90685714,563
2021-04-28T03:55:00.0,70.8,76.79314286,566.44
2021-04-28T04:00:00.0,70.8,79.52171429,558.88
2021-04-28T04:05:00.0,70.9,77.36914286,498.32
2021-04-28T04:10:00.0,70.8,69.82114286,458.08
2021-04-28T04:15:00.0,70.5,62.25314286,433.32
2021-04-28T04:20:00.0,70.2,58.39657143,420.44
2021-04-28T04:25:00.0,69.9,57.75657143,419.36
2021-04-28T04:30:00.0,69.7,57.52342857,430.16
2021-04-28T04:35:00.0,69.5,57.22,426.28
2021-04-28T04:40:00.0,69.4,57.2,425.08
2021-04-28T04:45:00.0,69.2,57.22171429,431.84
2021-04-28T04:50:00.0,69.2,57.12685714,418.28
2021-04-28T04:55:00.0,69.2,57.19485714,414.44
2021-04-28T05:00:00.0,69,57.03828571,424.04
2021-04-28T05:05:00.0,69,57.1,426.96
2021-04-28T05:10:00.0,69,58.34228571,433.68
2021-04-28T05:15:00.0,69,73.25085714,485.44
2021-04-28T05:20:00.0,69.3,77.46857143,508.68
2021-04-28T05:25:00.0,69.7,77.73142857,511
2021-04-28T05:30:00.0,70,75.82171429,506.84
2021-04-28T05:35:00.0,70.1,77.44,484.92
2021-04-28T05:40:00.0,70.3,78.68857143,500.16
2021-04-28T05:45:00.0,70.5,76.63828571,514.92
2021-04-28T05:50:00.0,70.5,78.92971429,540.12
2021-04-28T05:55:00.0,70.6,77.40457143,540.2
2021-04-28T06:00:00.0,70.6,78.21714286,535.28
2021-04-28T06:05:00.0,70.8,88.192,647
2021-04-28T06:10:00.0,71.2,90.80742857,726.28
2021-04-28T06:15:00.0,71.6,95.09142857,743.24
2021-04-28T06:20:00.0,71.9,90.04228571,763.28
2021-04-28T06:25:00.0,72.2,94.69257143,761.24
2021-04-28T06:30:00.0,72.4,93.15371429,767.44
2021-04-28T06:35:00.0,72.6,88.90171429,869.08
2021-04-28T06:40:00.0,73,89.756,915.88
2021-04-28T06:45:00.0,73.3,85.65428571,917.6
2021-04-28T06:50:00.0,73.3,87.80571429,927.44
2021-04-28T06:55:00.0,73.6,87.328,957.84
2021-04-28T07:00:00.0,73.9,83.22514286,969.96
2021-04-28T07:05:00.0,73.8,90.01142857,876.52
2021-04-28T07:10:00.0,73.7,89.71257143,805.04
2021-04-28T07:15:00.0,73.5,86.996,760.8
2021-04-28T07:20:00.0,73.3,91.00571429,740.6
2021-04-28T07:25:00.0,73.3,85.87028571,728.72
2021-04-28T07:30:00.0,73.1,83.86857143,702.8
2021-04-28T07:35:00.0,73,91.05371429,774.28
2021-04-28T07:40:00.0,73.4,88.152,837.88
2021-04-28T07:45:00.0,73.5,93.15314286,845.72
2021-04-28T07:50:00.0,73.8,89.08685714,847.76
2021-04-28T07:55:00.0,73.9,90.42285714,848.76
2021-04-28T08:00:00.0,74,92.37142857,860.56
2021-04-28T08:05:00.0,74,86.17714286,788.92
2021-04-28T08:10:00.0,73.7,90.07828571,738.72
2021-04-28T08:15:00.0,73.6,89.192,731.4
2021-04-28T08:20:00.0,73.5,83.28285714,706.28
2021-04-28T08:25:00.0,73.1,83.48628571,685.48
2021-04-28T08:30:00.0,73.1,81.87428571,677.04
2021-04-28T08:35:00.0,72.8,79.86228571,653.96
2021-04-28T08:40:00.0,72.4,78.28685714,640.8
2021-04-28T08:45:00.0,72.3,78.94742857,638.28
2021-04-28T08:50:00.0,72.2,79.71314286,644.6
2021-04-28T08:55:00.0,72,78.38742857,646.64
2021-04-28T09:00:00.0,72,82.31942857,652.36
2021-04-28T09:05:00.0,72.3,90.99942857,730.44
2021-04-28T09:10:00.0,72.8,89.10285714,792.72
2021-04-28T09:15:00.0,73.1,89.09085714,799.48
2021-04-28T09:20:00.0,73.3,90.71314286,801.4
2021-04-28T09:25:00.0,73.5,89.14914286,801.36
2021-04-28T09:30:00.0,73.6,88.684,803.04
2021-04-28T09:35:00.0,73.5,83.34057143,697.28
2021-04-28T09:40:00.0,73.1,81.91714286,613.6
2021-04-28T09:45:00.0,72.7,77.89371429,612.6
2021-04-28T09:50:00.0,72.3,77.26514286,614.28
2021-04-28T09:55:00.0,72.2,79.21657143,614.76
2021-04-28T10:00:00.0,72,76.58285714,616.28
2021-04-28T10:05:00.0,72,88.58,673.6
2021-04-28T10:10:00.0,72.6,87.69142857,726.24
2021-04-28T10:15:00.0,72.7,91.71428571,714
2021-04-28T10:20:00.0,72.9,91.02,711.8
2021-04-28T10:25:00.0,73.1,87.39314286,724.28
2021-04-28T10:30:00.0,73.1,92.33771429,728.8
2021-04-28T10:35:00.0,73.1,81.49428571,645.32
2021-04-28T10:40:00.0,72.6,76.84285714,589.2
2021-04-28T10:45:00.0,72.2,77.72342857,588.56
2021-04-28T10:50:00.0,72,77.12742857,593.96
2021-04-28T10:55:00.0,71.9,77.71257143,593.24
2021-04-28T11:00:00.0,71.8,77.95485714,595.72
2021-04-28T11:05:00.0,71.9,84.03485714,640
2021-04-28T11:10:00.0,72.4,83.69085714,661.56
2021-04-28T11:15:00.0,72.4,85.748,664.08
2021-04-28T11:20:00.0,72.6,83.36685714,660.56
2021-04-28T11:25:00.0,72.6,85.95142857,667.2
2021-04-28T11:30:00.0,72.6,82.95542857,666.52
2021-04-28T11:35:00.0,72.4,88.68114286,694.28
2021-04-28T11:40:00.0,72.7,88.66057143,743.76
2021-04-28T11:45:00.0,72.9,89.49028571,763.96
2021-04-28T11:50:00.0,73,90.84742857,757.28
2021-04-28T11:55:00.0,73.1,89.69885714,734.4
2021-04-28T12:00:00.0,73.1,90.64685714,728.48
2021-04-28T12:05:00.0,73.1,88.976,718.52
2021-04-28T12:10:00.0,73.1,87.024,700.88
2021-04-28T12:15:00.0,73,85.95942857,688.2
2021-04-28T12:20:00.0,72.9,85.11085714,676.12
2021-04-28T12:25:00.0,73,84.04628571,680.24
2021-04-28T12:30:00.0,72.9,85.85028571,683.36
2021-04-28T12:35:00.0,72.7,81.81828571,662.4
2021-04-28T12:40:00.0,72.7,81.01428571,648.36
2021-04-28T12:45:00.0,72.4,80.29942857,631.68
2021-04-28T12:50:00.0,72.2,79.968,617.44
2021-04-28T12:55:00.0,72.1,81.34571429,614.64
2021-04-28T13:00:00.0,72,80.02114286,618.36
2021-04-28T13:05:00.0,72,77.97428571,549.6
2021-04-28T13:10:00.0,71.8,75.33657143,510.8
2021-04-28T13:15:00.0,71.7,75.03142857,501.72
2021-04-28T13:20:00.0,71.5,63.88685714,473.24
2021-04-28T13:25:00.0,71.1,58.50342857,460.36
2021-04-28T13:30:00.0,70.7,57.55657143,464.08
2021-04-28T13:35:00.0,70.5,70.352,522.24
2021-04-28T13:40:00.0,70.7,79.11085714,570.4
2021-04-28T13:45:00.0,70.9,80.17371429,597.28
2021-04-28T13:50:00.0,71.1,81.808,627.04
2021-04-28T13:55:00.0,71.7,81.92571429,633.76
2021-04-28T14:00:00.0,71.5,81.63085714,624.76
2021-04-28T14:05:00.0,71.4,69.54914286,498.92
2021-04-28T14:10:00.0,70.9,59.39142857,417.12
2021-04-28T14:15:00.0,70.6,58.03828571,416.4
2021-04-28T14:20:00.0,70.3,57.58171429,414.08
2021-04-28T14:25:00.0,70.1,57.46,418.36
2021-04-28T14:30:00.0,70,57.39485714,418.4
2021-04-28T14:35:00.0,69.8,57.20685714,416.36
2021-04-28T14:40:00.0,69.7,57.24971429,413.48
2021-04-28T14:45:00.0,69.6,57.08857143,410.84
2021-04-28T14:50:00.0,69.5,57.11657143,409.4
2021-04-28T14:55:00.0,69.4,57.14514286,409.28
2021-04-28T15:00:00.0,69.3,56.87142857,415.12
2021-04-28T15:05:00.0,69.3,67.54628571,482.16
2021-04-28T15:10:00.0,69.5,78.01028571,540.92
2021-04-28T15:15:00.0,69.9,78.81657143,554.32
2021-04-28T15:20:00.0,70.1,78.44514286,569.68
2021-04-28T15:25:00.0,70.3,77.42057143,575.32
2021-04-28T15:30:00.0,70.5,79.39942857,574.04
2021-04-28T15:35:00.0,70.7,83.11314286,611.68
2021-04-28T15:40:00.0,70.9,88.34171429,648.64
2021-04-28T15:45:00.0,71.3,87.056,674.52
2021-04-28T15:50:00.0,71.4,90.77771429,683.32
2021-04-28T15:55:00.0,71.6,87.33142857,684.2
2021-04-28T16:00:00.0,71.7,89.54171429,672.88
2021-04-28T16:05:00.0,71.8,80.024,556.24
2021-04-28T16:10:00.0,71.6,72.95257143,458.84
2021-04-28T16:15:00.0,71.3,61.352,424.36
2021-04-28T16:20:00.0,70.9,58.03485714,420.6
2021-04-28T16:25:00.0,70.7,57.68171429,419.44
2021-04-28T16:30:00.0,70.6,57.33657143,423.8
2021-04-28T16:35:00.0,70.5,67.82742857,459.16
2021-04-28T16:40:00.0,70.6,78.12914286,491.32
2021-04-28T16:45:00.0,71.1,78.28628571,516.36
2021-04-28T16:50:00.0,71.5,78.07714286,523.8
2021-04-28T16:55:00.0,71.7,78.708,524.08
2021-04-28T17:00:00.0,71.8,78.69085714,529.68
2021-04-28T17:05:00.0,71.9,79.48285714,526.44
2021-04-28T17:10:00.0,72,78.508,527.56
2021-04-28T17:15:00.0,72,78.47257143,533.12
2021-04-28T17:20:00.0,72.1,79.49428571,533.12
2021-04-28T17:25:00.0,72.1,78.73657143,529.88
2021-04-28T17:30:00.0,72.1,78.37257143,526.08
2021-04-28T17:35:00.0,72.1,78.00514286,484.68
2021-04-28T17:40:00.0,71.9,66.91771429,443.76
2021-04-28T17:45:00.0,71.6,59.04971429,427.68
2021-04-28T17:50:00.0,71.2,57.88685714,426.48
2021-04-28T17:55:00.0,70.9,59.95828571,435.96
2021-04-28T18:00:00.0,70.9,74.87428571,469.2
2021-04-28T18:05:00.0,70.9,67.33428571,430.36
2021-04-28T18:10:00.0,70.9,59.31314286,404.72
2021-04-28T18:15:00.0,70.8,57.86171429,400.32
2021-04-28T18:20:00.0,70.5,57.63485714,399.32
2021-04-28T18:25:00.0,70.4,57.36,403.64
2021-04-28T18:30:00.0,70.3,57.34171429,404.56
2021-04-28T18:35:00.0,70.2,57.24514286,400.84
2021-04-28T18:40:00.0,70.1,57.15485714,403.2
2021-04-28T18:45:00.0,70,57.27485714,403.32
2021-04-28T18:50:00.0,70,57.06857143,400.24
2021-04-28T18:55:00.0,69.9,57.19657143,400.96
2021-04-28T19:00:00.0,69.8,57.02171429,402.12
2021-04-28T19:05:00.0,69.6,57.19828571,400.44
2021-04-28T19:10:00.0,69.5,56.97657143,398.32
2021-04-28T19:15:00.0,69.5,57.16,397.48
2021-04-28T19:20:00.0,69.5,57.04685714,399.2
2021-04-28T19:25:00.0,69.3,57.07828571,400.2
2021-04-28T19:30:00.0,69.3,57.08171429,400.44
2021-04-28T19:35:00.0,69.2,57.01828571,397.52
2021-04-28T19:40:00.0,69.2,57.2,399.48
2021-04-28T19:45:00.0,69.1,56.91828571,403.64
2021-04-28T19:50:00.0,69,56.92,403.72
2021-04-28T19:55:00.0,69,57.14171429,406.2
2021-04-28T20:00:00.0,68.9,56.76628571,417.2
2021-04-28T20:05:00.0,68.8,75.476,559.64
2021-04-28T20:10:00.0,69.6,86.36228571,641.44
2021-04-28T20:15:00.0,70.3,90.49257143,662.88
2021-04-28T20:20:00.0,70.7,88.92457143,663.88
2021-04-28T20:25:00.0,70.9,86.98628571,665.8
2021-04-28T20:30:00.0,71.1,91.08742857,653.12
2021-04-28T20:35:00.0,71.3,79.49942857,524
2021-04-28T20:40:00.0,71,67.96857143,433.4
2021-04-28T20:45:00.0,70.5,59.15657143,424.72
2021-04-28T20:50:00.0,70,58.09314286,429.96
2021-04-28T20:55:00.0,69.6,57.44685714,433.92
2021-04-28T21:00:00.0,69.5,57.24457143,434.88
2021-04-28T21:05:00.0,69.3,67.67142857,492.04
2021-04-28T21:10:00.0,69.5,78.46742857,543.92
2021-04-28T21:15:00.0,69.9,79.03657143,568.32
2021-04-28T21:20:00.0,70.1,78.20628571,566
2021-04-28T21:25:00.0,70.4,81.23371429,565.84
2021-04-28T21:30:00.0,70.7,79.46342857,573.12
2021-04-28T21:35:00.0,70.7,88.82057143,644.76
2021-04-28T21:40:00.0,71,92.20914286,698.24
2021-04-28T21:45:00.0,71.4,91.91142857,715.2
2021-04-28T21:50:00.0,71.7,95.104,724.44
2021-04-28T21:55:00.0,72,91.00457143,727.44
2021-04-28T22:00:00.0,72.2,93.412,727.92
2021-04-28T22:05:00.0,72.3,94.11657143,729.84
2021-04-28T22:10:00.0,72.4,90.57371429,736.56
2021-04-28T22:15:00.0,72.6,95.26,743.56
2021-04-28T22:20:00.0,72.7,91.84742857,745.88
2021-04-28T22:25:00.0,72.7,92.088,749.92
2021-04-28T22:30:00.0,72.9,94.83942857,744.4
2021-04-28T22:35:00.0,72.8,80.09485714,640.24
2021-04-28T22:40:00.0,72.3,76.848,547.28
2021-04-28T22:45:00.0,72,79.16514286,520.44
2021-04-28T22:50:00.0,71.9,77.06628571,492.16
2021-04-28T22:55:00.0,71.7,76.40914286,486.56
2021-04-28T23:00:00.0,71.5,72.52285714,468.32
2021-04-28T23:05:00.0,71.3,67.77657143,453.08
2021-04-28T23:10:00.0,71,68.27028571,457.4
2021-04-28T23:15:00.0,70.9,76.02285714,498.72
2021-04-28T23:20:00.0,70.9,77.45028571,517.64
2021-04-28T23:25:00.0,71.1,79.59314286,528.8
2021-04-28T23:30:00.0,71.1,77.27142857,534.36
2021-04-28T23:35:00.0,71.3,81.72342857,574.48
2021-04-28T23:40:00.0,71.5,83.12,605
2021-04-28T23:45:00.0,71.7,84.32514286,612.84
2021-04-28T23:50:00.0,71.7,86.22342857,615.64
2021-04-28T23:55:00.0,72,82.61428571,630.76
2021-04-29T00:00:00.0,71.9,88.14514286,639.52
2021-04-29T00:05:00.0,72,90.83828571,715.2
2021-04-29T00:10:00.0,72.3,93.59085714,753.04
2021-04-29T00:15:00.0,72.7,94.48,754.96
2021-04-29T00:20:00.0,72.9,90.22571429,752.68
2021-04-29T00:25:00.0,73,94.82514286,759.48
2021-04-29T00:30:00.0,73.1,92.172,763.28
2021-04-29T00:35:00.0,73,85.84114286,690.96
2021-04-29T00:40:00.0,72.8,88.03828571,634.24
2021-04-29T00:45:00.0,72.7,85.34971429,626
2021-04-29T00:50:00.0,72.5,80.29657143,602.48
2021-04-29T00:55:00.0,72.2,81.41142857,574.48
2021-04-29T01:00:00.0,72.1,80.10114286,571.24
2021-04-29T01:05:00.0,71.9,77.452,546.64
2021-04-29T01:10:00.0,71.8,79.66857143,538.4
2021-04-29T01:15:00.0,71.7,77.75485714,531.44
2021-04-29T01:20:00.0,71.6,78.46971429,524.68
2021-04-29T01:25:00.0,71.6,78.76342857,513.88
2021-04-29T01:30:00.0,71.6,76.36857143,502.16
2021-04-29T01:35:00.0,71.6,84.71942857,577.36
2021-04-29T01:40:00.0,72,85.63142857,639.92
2021-04-29T01:45:00.0,72,91.96057143,674.36
2021-04-29T01:50:00.0,72.3,93.596,682.92
2021-04-29T01:55:00.0,72.5,89.82857143,710.08
2021-04-29T02:00:00.0,72.7,93.672,714.68
2021-04-29T02:05:00.0,72.8,92.912,713.36
2021-04-29T02:10:00.0,72.8,88.99542857,716.84
2021-04-29T02:15:00.0,72.9,93.92857143,716.12
2021-04-29T02:20:00.0,73,90.00914286,701.84
2021-04-29T02:25:00.0,72.9,90.48457143,677
2021-04-29T02:30:00.0,73,93.60228571,673.48
2021-04-29T02:35:00.0,73,89.62742857,685.76
2021-04-29T02:40:00.0,73,93.37085714,703.76
2021-04-29T02:45:00.0,73.1,92.74685714,703.12
2021-04-29T02:50:00.0,73.1,89.55314286,702.04
2021-04-29T02:55:00.0,73.2,94.34685714,702.8
2021-04-29T03:00:00.0,73.3,90.672,699.36
2021-04-29T03:05:00.0,73.1,82.116,617.68
2021-04-29T03:10:00.0,72.8,81.91885714,566.24
2021-04-29T03:15:00.0,72.5,79.53771429,561.8
2021-04-29T03:20:00.0,72.3,78.32342857,540.84
2021-04-29T03:25:00.0,72.2,80.23028571,537.08
2021-04-29T03:30:00.0,72.1,80.092,530.24
2021-04-29T03:35:00.0,71.9,68.75142857,454.32
2021-04-29T03:40:00.0,71.5,59.60628571,415.08
2021-04-29T03:45:00.0,71.1,57.96171429,416
2021-04-29T03:50:00.0,70.8,57.92514286,416.48
2021-04-29T03:55:00.0,70.5,57.63657143,423
2021-04-29T04:00:00.0,70.3,62.82971429,442.88
2021-04-29T04:05:00.0,70.5,74.444,462.12
2021-04-29T04:10:00.0,70.6,72.35142857,445.16
2021-04-29T04:15:00.0,70.6,60.73657143,434.76
2021-04-29T04:20:00.0,70.3,58.05828571,437.04
2021-04-29T04:25:00.0,70.1,57.88171429,435.48
2021-04-29T04:30:00.0,69.9,57.58,433.92
2021-04-29T04:35:00.0,69.8,57.55828571,436.2
2021-04-29T04:40:00.0,69.6,57.62685714,427.4
2021-04-29T04:45:00.0,69.6,57.45485714,417.68
2021-04-29T04:50:00.0,69.5,57.23657143,422
2021-04-29T04:55:00.0,69.4,57.12171429,417.44
2021-04-29T05:00:00.0,69.3,57.14171429,417.24
2021-04-29T05:05:00.0,69.3,66.54114286,452.92
2021-04-29T05:10:00.0,69.5,75.584,477.84
2021-04-29T05:15:00.0,69.8,78.54171429,477.2
2021-04-29T05:20:00.0,70.1,77.57771429,478.4
2021-04-29T05:25:00.0,70.3,77.49028571,480.68
2021-04-29T05:30:00.0,70.4,78.79142857,478.28
2021-04-29T05:35:00.0,70.4,66.79542857,444.68
2021-04-29T05:40:00.0,70.1,59.24171429,431.76
2021-04-29T05:45:00.0,69.8,58.19485714,431.52
2021-04-29T05:50:00.0,69.6,57.61828571,431.4
2021-04-29T05:55:00.0,69.4,57.46171429,422.96
2021-04-29T06:00:00.0,69.3,57.16171429,414.2
2021-04-29T06:05:00.0,69.2,57.12,414.32
2021-04-29T06:10:00.0,69.1,57.192,428.36
2021-04-29T06:15:00.0,69,65.50285714,442.72
2021-04-29T06:20:00.0,69.2,77.18342857,459.4
2021-04-29T06:25:00.0,69.6,76.20857143,475.12
2021-04-29T06:30:00.0,69.8,77.12285714,485.2
2021-04-29T06:35:00.0,70.1,83.40457143,588.2
2021-04-29T06:40:00.0,70.7,86.16,635.24
2021-04-29T06:45:00.0,70.9,85.17371429,636.2
2021-04-29T06:50:00.0,71.1,88.01771429,638.48
2021-04-29T06:55:00.0,71.1,88.93428571,634.72
2021-04-29T07:00:00.0,71.4,87.816,633.52
2021-04-29T07:05:00.0,71.5,87.25142857,637.52
2021-04-29T07:10:00.0,71.6,85.64628571,624.8
2021-04-29T07:15:00.0,71.6,81.13085714,607.84
2021-04-29T07:20:00.0,71.4,82.40857143,590.48
2021-04-29T07:25:00.0,71.5,79.55485714,579.16
2021-04-29T07:30:00.0,71.3,79.856,572.76
2021-04-29T07:35:00.0,71.1,67.42628571,470.88
2021-04-29T07:40:00.0,70.6,59.388,429.84
2021-04-29T07:45:00.0,70.2,57.68171429,431.4
2021-04-29T07:50:00.0,69.9,57.55828571,431.52
2021-04-29T07:55:00.0,69.6,57.40342857,428.88
2021-04-29T08:00:00.0,69.5,57.148,430.72
2021-04-29T08:05:00.0,69.4,67.30742857,480.24
2021-04-29T08:10:00.0,69.6,76.28514286,528.44
2021-04-29T08:15:00.0,70,78.72285714,534.48
2021-04-29T08:20:00.0,70.2,79.56114286,552.96
2021-04-29T08:25:00.0,70.6,79.92228571,549.6
2021-04-29T08:30:00.0,70.7,78.516,540.52
2021-04-29T08:35:00.0,70.5,68.01542857,462.44
2021-04-29T08:40:00.0,70.3,59.38171429,424.6
2021-04-29T08:45:00.0,70.1,57.96,419.64
2021-04-29T08:50:00.0,70,57.41657143,420.4
2021-04-29T08:55:00.0,70,57.41657143,423.48
2021-04-29T09:00:00.0,70,57.11828571,422.36
2021-04-29T09:05:00.0,70,57.26171429,422.4
2021-04-29T09:10:00.0,70,57.04342857,423.8
2021-04-29T09:15:00.0,70,57.13828571,428.4
2021-04-29T09:20:00.0,70,56.91828571,425.88
2021-04-29T09:25:00.0,70,56.92,423.72
2021-04-29T09:30:00.0,69.9,57.02514286,426.48
2021-04-29T09:35:00.0,70,56.81485714,424.96
2021-04-29T09:40:00.0,70,56.90514286,421.12
2021-04-29T09:45:00.0,70,56.94171429,424.12
2021-04-29T09:50:00.0,70,56.82,429.24
2021-04-29T09:55:00.0,70,56.98171429,425.12
2021-04-29T10:00:00.0,70,56.81314286,423.24
2021-04-29T10:05:00.0,70,56.94342857,421.28
2021-04-29T10:10:00.0,70,56.96,427.56
2021-04-29T10:15:00.0,69.9,56.79657143,429
2021-04-29T10:20:00.0,69.9,56.86514286,423.04
2021-04-29T10:25:00.0,70,56.83485714,419.88
2021-04-29T10:30:00.0,70,56.90857143,421.56
2021-04-29T10:35:00.0,70,56.87828571,426.84
2021-04-29T10:40:00.0,70,56.92,430.08
2021-04-29T10:45:00.0,70,56.71485714,431.76
2021-04-29T10:50:00.0,69.9,56.85485714,429.84
2021-04-29T10:55:00.0,69.7,56.74857143,430.44
2021-04-29T11:00:00.0,69.8,56.93657143,429.84
2021-04-29T11:05:00.0,69.6,56.72,428.64
2021-04-29T11:10:00.0,69.6,56.82857143,426.24
2021-04-29T11:15:00.0,69.6,56.81142857,419.88
2021-04-29T11:20:00.0,69.6,56.76,417.96
2021-04-29T11:25:00.0,69.5,56.88171429,424.56
2021-04-29T11:30:00.0,69.5,56.79314286,430.32
2021-04-29T11:35:00.0,69.5,56.80285714,437
2021-04-29T11:40:00.0,69.4,61.15542857,465.44
2021-04-29T11:45:00.0,69.6,73.84,492.12
2021-04-29T11:50:00.0,69.9,76.02514286,504.12
2021-04-29T11:55:00.0,70.3,76.26685714,511.68
2021-04-29T12:00:00.0,70.5,77.21485714,506.04
2021-04-29T12:05:00.0,70.5,75.44,480.72
2021-04-29T12:10:00.0,70.5,77.068,477.2
2021-04-29T12:15:00.0,70.6,76.29885714,475.16
2021-04-29T12:20:00.0,70.5,76.29657143,476.72
2021-04-29T12:25:00.0,70.5,77.18171429,482.24
2021-04-29T12:30:00.0,70.5,75.78171429,484.92
2021-04-29T12:35:00.0,70.5,78.14628571,496.28
2021-04-29T12:40:00.0,70.6,76.88,523.36
2021-04-29T12:45:00.0,70.7,77.99657143,532.64
2021-04-29T12:50:00.0,70.9,78.40114286,541.64
2021-04-29T12:55:00.0,71,79.884,557.92
2021-04-29T13:00:00.0,71,81.11714286,571.44
2021-04-29T13:05:00.0,71.2,78.77142857,558.96
2021-04-29T13:10:00.0,71.1,76.67371429,541.52
2021-04-29T13:15:00.0,71.1,79.00628571,522.76
2021-04-29T13:20:00.0,70.9,76.26971429,506.16
2021-04-29T13:25:00.0,70.9,77.72171429,503.6
2021-04-29T13:30:00.0,70.9,76.84857143,500.36
2021-04-29T13:35:00.0,70.8,76.90457143,492.48
2021-04-29T13:40:00.0,70.8,77.13885714,479.76
2021-04-29T13:45:00.0,70.8,77.39485714,463.6
2021-04-29T13:50:00.0,70.8,76.17428571,449.52
2021-04-29T13:55:00.0,70.7,68.87771429,435.64
2021-04-29T14:00:00.0,70.4,59.32971429,425.64
2021-04-29T14:05:00.0,70.1,57.91485714,425.04
2021-04-29T14:10:00.0,69.7,57.32,426.84
2021-04-29T14:15:00.0,69.6,57.18171429,428.76
2021-04-29T14:20:00.0,69.4,57.20342857,429.36
2021-04-29T14:25:00.0,69.3,57.06,426.12
2021-04-29T14:30:00.0,69.2,56.89314286,427.64
2021-04-29T14:35:00.0,69.2,67.18342857,487.2
2021-04-29T14:40:00.0,69.4,76.31085714,543.08
2021-04-29T14:45:00.0,69.7,79.46742857,580.56
2021-04-29T14:50:00.0,70.2,78.66342857,586.52
2021-04-29T14:55:00.0,70.4,78.82171429,582.44
2021-04-29T15:00:00.0,70.5,80.10628571,575.84
2021-04-29T15:05:00.0,70.6,74.93257143,489.92
2021-04-29T15:10:00.0,70.3,62.72114286,429.44
2021-04-29T15:15:00.0,69.9,58.33142857,420.52
2021-04-29T15:20:00.0,69.6,57.472,421.32
2021-04-29T15:25:00.0,69.3,57.31485714,425.28
2021-04-29T15:30:00.0,69.2,57.16628571,427.64
2021-04-29T15:35:00.0,69.1,67.37714286,476.04
2021-04-29T15:40:00.0,69.3,75.63771429,520.12
2021-04-29T15:45:00.0,69.6,77.59371429,545.84
2021-04-29T15:50:00.0,69.9,78.54514286,561.52
2021-04-29T15:55:00.0,70.1,77.25085714,560.08
2021-04-29T16:00:00.0,70.2,79.63942857,559.48
2021-04-29T16:05:00.0,70.3,77.71771429,557.68
2021-04-29T16:10:00.0,70.4,79.37485714,562.84
2021-04-29T16:15:00.0,70.5,78.892,576.48
2021-04-29T16:20:00.0,70.6,78.65542857,577.36
2021-04-29T16:25:00.0,70.7,80.088,576.04
2021-04-29T16:30:00.0,70.6,78.20971429,583.08
2021-04-29T16:35:00.0,70.7,89.30971429,687.24
2021-04-29T16:40:00.0,71.1,92.14228571,770.44
2021-04-29T16:45:00.0,71.7,89.47657143,794.64
2021-04-29T16:50:00.0,72,91.02,795.12
2021-04-29T16:55:00.0,72.3,90.60742857,793.8
2021-04-29T17:00:00.0,72.4,92.46457143,793
2021-04-29T17:05:00.0,72.6,89.65885714,802.48
2021-04-29T17:10:00.0,72.8,91.81428571,810.4
2021-04-29T17:15:00.0,72.9,90.36,824.12
2021-04-29T17:20:00.0,73.1,88.89314286,844.72
2021-04-29T17:25:00.0,73.2,91.11714286,844.76
2021-04-29T17:30:00.0,73.3,88.748,844.68
2021-04-29T17:35:00.0,73.4,91.40342857,794.4
2021-04-29T17:40:00.0,73.3,88.868,754.64
2021-04-29T17:45:00.0,73.3,92.25257143,724.32
2021-04-29T17:50:00.0,73.1,87.75142857,694.36
2021-04-29T17:55:00.0,72.9,89.33428571,663.6
2021-04-29T18:00:00.0,72.8,86.45257143,653.12
2021-04-29T18:05:00.0,72.7,89.096,654.8
2021-04-29T18:10:00.0,72.6,86.45485714,655.52
2021-04-29T18:15:00.0,72.6,89.87828571,655.04
2021-04-29T18:20:00.0,72.6,88.77257143,651.2
2021-04-29T18:25:00.0,72.6,88.68857143,645.88
2021-04-29T18:30:00.0,72.6,91.03085714,662.52
2021-04-29T18:35:00.0,72.7,92.05771429,720.48
2021-04-29T18:40:00.0,72.9,90.77828571,759.64
2021-04-29T18:45:00.0,73.1,92.58571429,787.04
2021-04-29T18:50:00.0,73.3,90,796.52
2021-04-29T18:55:00.0,73.4,90.11714286,800
2021-04-29T19:00:00.0,73.5,91.73485714,803.4
2021-04-29T19:05:00.0,73.8,85.21085714,911.2
2021-04-29T19:10:00.0,74.1,85.17714286,966.36
2021-04-29T19:15:00.0,74.1,84.33371429,971.88
2021-04-29T19:20:00.0,74.3,83.30857143,976.24
2021-04-29T19:25:00.0,74.3,85.284,972.92
2021-04-29T19:30:00.0,74.4,83.37942857,973.08
2021-04-29T19:35:00.0,74.6,83.25542857,985.76
2021-04-29T19:40:00.0,74.6,84.48685714,988.24
2021-04-29T19:45:00.0,74.6,82.988,989.44
2021-04-29T19:50:00.0,74.7,83.19257143,986.2
2021-04-29T19:55:00.0,74.7,84.70628571,983.8
2021-04-29T20:00:00.0,74.7,83.34914286,985.2
2021-04-29T20:05:00.0,74.8,82.97257143,984.32
2021-04-29T20:10:00.0,74.7,84.70171429,982.36
2021-04-29T20:15:00.0,74.7,83.95542857,982.84
2021-04-29T20:20:00.0,74.9,82.53257143,988.6
2021-04-29T20:25:00.0,74.9,86.21257143,987.64
2021-04-29T20:30:00.0,75.1,83.76342857,982.32
2021-04-29T20:35:00.0,74.7,85.21657143,895.36
2021-04-29T20:40:00.0,74.7,89.70571429,835.28
2021-04-29T20:45:00.0,74.6,85.34857143,796.08
2021-04-29T20:50:00.0,74.3,85.79142857,766.28
2021-04-29T20:55:00.0,74.1,86.78628571,756.56
2021-04-29T21:00:00.0,73.9,82.56628571,734.08
2021-04-29T21:05:00.0,73.7,90.72914286,782.84
2021-04-29T21:10:00.0,74,87.31942857,842.04
2021-04-29T21:15:00.0,74.2,87.47542857,858.64
2021-04-29T21:20:00.0,74.3,88.82857143,857.16
2021-04-29T21:25:00.0,74.5,85.12,856.12
2021-04-29T21:30:00.0,74.5,89.61542857,862.56
2021-04-29T21:35:00.0,74.5,86.79485714,797.24
2021-04-29T21:40:00.0,74.2,85.45142857,751
2021-04-29T21:45:00.0,74,88.26457143,739.24
2021-04-29T21:50:00.0,73.9,84.42,715.76
2021-04-29T21:55:00.0,73.6,84.37371429,717.68
2021-04-29T22:00:00.0,73.4,87.18057143,721.68
2021-04-29T22:05:00.0,73.6,86.76057143,753.88
2021-04-29T22:10:00.0,73.8,90.65428571,779.48
2021-04-29T22:15:00.0,73.9,89.18971429,789.44
2021-04-29T22:20:00.0,73.9,87.21771429,791.28
2021-04-29T22:25:00.0,74,90.49428571,798.08
2021-04-29T22:30:00.0,74,87.91714286,804.92
2021-04-29T22:35:00.0,74.3,89.872,851.8
2021-04-29T22:40:00.0,74.4,89.50742857,888.68
2021-04-29T22:45:00.0,74.6,88.20171429,915.76
2021-04-29T22:50:00.0,74.7,85.74571429,923.84
2021-04-29T22:55:00.0,74.8,88.57714286,920.56
2021-04-29T23:00:00.0,74.9,85.32457143,932.04
2021-04-29T23:05:00.0,75,87.15885714,955.68
2021-04-29T23:10:00.0,75.1,86.66857143,961.08
2021-04-29T23:15:00.0,75.2,82.67771429,972.68
2021-04-29T23:20:00.0,75.2,86.36971429,976.92
2021-04-29T23:25:00.0,75.3,83.58742857,976.72
2021-04-29T23:30:00.0,75.2,83.436,981.72
2021-04-29T23:35:00.0,75.2,87.13657143,977.84
2021-04-29T23:40:00.0,75.4,83.03428571,987.6
2021-04-29T23:45:00.0,75.3,85.87314286,988.24
2021-04-29T23:50:00.0,75.5,85.652,993.88
2021-04-29T23:55:00.0,75.5,82.8,997.24
2021-04-30T00:00:00.0,75.6,86.63028571,998.44
2021-04-30T00:05:00.0,75.6,83.36742857,994.24
2021-04-30T00:10:00.0,75.4,83.94,985.32
2021-04-30T00:15:00.0,75.4,86.53028571,976.44
2021-04-30T00:20:00.0,75.6,82.09942857,979.56
2021-04-30T00:25:00.0,75.6,85.68914286,986.08
2021-04-30T00:30:00.0,75.6,84.82914286,984.96
2021-04-30T00:35:00.0,75.5,86.33828571,918.08
2021-04-30T00:40:00.0,75.4,89.52857143,876.28
2021-04-30T00:45:00.0,75.4,85.824,868.12
2021-04-30T00:50:00.0,75.1,89.32228571,840.88
2021-04-30T00:55:00.0,75.1,89.73714286,814.48
2021-04-30T01:00:00.0,75,89.47485714,782.04
2021-04-30T01:05:00.0,74.7,86.48514286,748.6
2021-04-30T01:10:00.0,74.6,82.38971429,722.8
2021-04-30T01:15:00.0,74.2,83.78228571,698.2
2021-04-30T01:20:00.0,73.9,84.31657143,697.24
2021-04-30T01:25:00.0,73.9,81.19428571,696.4
2021-04-30T01:30:00.0,73.6,84.19942857,695.92
2021-04-30T01:35:00.0,73.6,82.54571429,694.72
2021-04-30T01:40:00.0,73.4,80.37028571,692.32
2021-04-30T01:45:00.0,73.3,82.55142857,689.2
2021-04-30T01:50:00.0,73.1,79.44971429,687.76
2021-04-30T01:55:00.0,73.1,82.03942857,684.32
2021-04-30T02:00:00.0,73.3,81.25428571,684.68
2021-04-30T02:05:00.0,72.9,85.18171429,700.84
2021-04-30T02:10:00.0,73.2,89.66057143,756.36
2021-04-30T02:15:00.0,73.7,85.37942857,759.4
2021-04-30T02:20:00.0,73.6,90.776,746.4
2021-04-30T02:25:00.0,73.7,88.88285714,748.2
2021-04-30T02:30:00.0,73.8,87.5,749.24
2021-04-30T02:35:00.0,73.8,85.92,723.92
2021-04-30T02:40:00.0,73.8,82.18914286,704.16
2021-04-30T02:45:00.0,73.3,81.58057143,684.08
2021-04-30T02:50:00.0,73.4,81.87828571,676.72
2021-04-30T02:55:00.0,73,78.71771429,684.16
2021-04-30T03:00:00.0,72.8,83.96914286,697.56
2021-04-30T03:05:00.0,73.1,88.91314286,747.64
2021-04-30T03:10:00.0,73.5,83.65142857,778.04
2021-04-30T03:15:00.0,73.5,87.90228571,776.48
2021-04-30T03:20:00.0,73.6,88.09485714,779.24
2021-04-30T03:25:00.0,73.6,88.58685714,775
2021-04-30T03:30:00.0,73.7,88.48971429,771.96
2021-04-30T03:35:00.0,73.8,86.41657143,743.16
2021-04-30T03:40:00.0,73.7,86.54457143,726.08
2021-04-30T03:45:00.0,73.6,83.62742857,707.64
2021-04-30T03:50:00.0,73.5,83.26285714,688.08
2021-04-30T03:55:00.0,73.4,83.78514286,673.32
2021-04-30T04:00:00.0,73.3,83.94114286,676.92
2021-04-30T04:05:00.0,73.3,81.79142857,698.12
2021-04-30T04:10:00.0,73.3,84.524,716.72
2021-04-30T04:15:00.0,73.3,88.22571429,733.8
2021-04-30T04:20:00.0,73.4,85.42342857,744.2
2021-04-30T04:25:00.0,73.4,88.66457143,757
2021-04-30T04:30:00.0,73.4,90.06857143,768.6
2021-04-30T04:35:00.0,73.6,79.34457143,704.6
2021-04-30T04:40:00.0,73,78.72857143,649.44
2021-04-30T04:45:00.0,72.7,79.468,647.6
2021-04-30T04:50:00.0,72.4,76.64742857,650.24
2021-04-30T04:55:00.0,72.3,80.09485714,649.64
2021-04-30T05:00:00.0,72.3,78.784,648.64
2021-04-30T05:05:00.0,72.1,76.51371429,620.84
2021-04-30T05:10:00.0,72,77.85542857,592.96
2021-04-30T05:15:00.0,72,75.16628571,562.08
2021-04-30T05:20:00.0,71.9,75.25142857,562.16
2021-04-30T05:25:00.0,71.8,76.06685714,560.08
2021-04-30T05:30:00.0,71.7,73.91142857,540.2
2021-04-30T05:35:00.0,71.6,63.39028571,440.76
2021-04-30T05:40:00.0,71.3,58.712,401.2
2021-04-30T05:45:00.0,70.9,57.63142857,404
2021-04-30T05:50:00.0,70.7,57.44,406.44
2021-04-30T05:55:00.0,70.5,57.46342857,414.56
2021-04-30T06:00:00.0,70.4,57.04171429,414.8
2021-04-30T06:05:00.0,70.3,57.15657143,412.88
2021-04-30T06:10:00.0,70.1,57.00514286,413.12
2021-04-30T06:15:00.0,70.1,57.11314286,410
2021-04-30T06:20:00.0,70,57.06,407.6
2021-04-30T06:25:00.0,69.9,57.32514286,408.08
2021-04-30T06:30:00.0,69.8,57.25657143,407.24
2021-04-30T06:35:00.0,69.7,57.13314286,407.96
2021-04-30T06:40:00.0,69.7,57.28857143,407.12
2021-04-30T06:45:00.0,69.6,57.13657143,408.08
2021-04-30T06:50:00.0,69.5,57.66685714,411.92
2021-04-30T06:55:00.0,69.5,57.84171429,413.96
2021-04-30T07:00:00.0,69.5,57.99657143,412.04
2021-04-30T07:05:00.0,69.5,57.91828571,405.44
2021-04-30T07:10:00.0,69.4,57.86,416.48
2021-04-30T07:15:00.0,69.3,57.46,431.16
2021-04-30T07:20:00.0,69.2,57.004,444.84
2021-04-30T07:25:00.0,69.3,68.33771429,463
2021-04-30T07:30:00.0,69.6,74.79142857,479.24
2021-04-30T07:35:00.0,69.8,81.77314286,588.88
2021-04-30T07:40:00.0,70.5,88.52171429,653.36
2021-04-30T07:45:00.0,71,87.37028571,661.12
2021-04-30T07:50:00.0,71.3,89.332,660.32
2021-04-30T07:55:00.0,71.4,86.132,661
2021-04-30T08:00:00.0,71.6,90.04857143,657.12
2021-04-30T08:05:00.0,71.6,79.98914286,604.88
2021-04-30T08:10:00.0,71.5,77.23028571,565.76
2021-04-30T08:15:00.0,71.3,79.24971429,558.12
2021-04-30T08:20:00.0,71.2,77.50971429,559.08
2021-04-30T08:25:00.0,71.1,77.82,543.68
2021-04-30T08:30:00.0,71.1,77.92514286,537.72
2021-04-30T08:35:00.0,71.2,82.81428571,605.04
2021-04-30T08:40:00.0,71.4,89.91257143,672.24
2021-04-30T08:45:00.0,71.7,89.32342857,694.72
2021-04-30T08:50:00.0,71.9,91.13771429,704.08
2021-04-30T08:55:00.0,72.2,91.18171429,718.16
2021-04-30T09:00:00.0,72.4,93.74114286,716.4
2021-04-30T09:05:00.0,72.5,82.55942857,644.84
2021-04-30T09:10:00.0,72.2,81.68457143,584.84
2021-04-30T09:15:00.0,72,79.61771429,581.12
2021-04-30T09:20:00.0,71.9,79.65257143,560.6
